T_K,gamma_t_from_o_per_s,gamma_o_from_t_per_s,p_oct,p_tet,d_m2_s
200.0,6.6492e+07,2.4494e+10,0.994600,0.005400,5.0037e-12
205.0,8.8724e+07,2.9003e+10,0.993919,0.006081,6.6721e-12
210.0,1.1677e+08,3.4067e+10,0.993191,0.006809,8.7750e-12
215.0,1.5174e+08,3.9717e+10,0.992417,0.007583,1.1394e-11
220.0,1.9484e+08,4.5981e+10,0.991596,0.008404,1.4618e-11
225.0,2.4743e+08,5.2889e+10,0.990730,0.009270,1.8547e-11
230.0,3.1095e+08,6.0465e+10,0.989819,0.010181,2.3287e-11
235.0,3.8701e+08,6.8733e+10,0.988864,0.011136,2.8955e-11
240.0,4.7729e+08,7.7716e+10,0.987866,0.012134,3.5674e-11
245.0,5.8362e+08,8.7434e+10,0.986826,0.013174,4.3575e-11
250.0,7.0792e+08,9.7904e+10,0.985745,0.014255,5.2798e-11
255.0,8.5222e+08,1.0914e+11,0.984624,0.015376,6.3488e-11
260.0,1.0186e+09,1.2116e+11,0.983464,0.016536,7.5796e-11
265.0,1.2094e+09,1.3398e+11,0.982267,0.017733,8.9880e-11
270.0,1.4267e+09,1.4760e+11,0.981034,0.018966,1.0590e-10
275.0,1.6731e+09,1.6204e+11,0.979767,0.020233,1.2403e-10
280.0,1.9508e+09,1.7729e+11,0.978467,0.021533,1.4442e-10
285.0,2.2625e+09,1.9337e+11,0.977135,0.022865,1.6727e-10
290.0,2.6105e+09,2.1028e+11,0.975773,0.024227,1.9273e-10
295.0,2.9975e+09,2.2802e+11,0.974381,0.025619,2.2098e-10
300.0,3.4261e+09,2.4658e+11,0.972963,0.027037,2.5221e-10
305.0,3.8988e+09,2.6598e+11,0.971518,0.028482,2.8658e-10
310.0,4.4182e+09,2.8620e+11,0.970049,0.029951,3.2427e-10
315.0,4.9871e+09,3.0724e+11,0.968557,0.031443,3.6546e-10
320.0,5.6079e+09,3.2910e+11,0.967043,0.032957,4.1031e-10
325.0,6.2832e+09,3.5177e+11,0.965508,0.034492,4.5900e-10
330.0,7.0157e+09,3.7524e+11,0.963954,0.036046,5.1168e-10
335.0,7.8079e+09,3.9950e+11,0.962383,0.037617,5.6852e-10
340.0,8.6621e+09,4.2456e+11,0.960794,0.039206,6.2969e-10
345.0,9.5810e+09,4.5039e+11,0.959191,0.040809,6.9532e-10
350.0,1.0567e+10,4.7698e+11,0.957573,0.042427,7.6557e-10
355.0,1.1622e+10,5.0433e+11,0.955942,0.044058,8.4059e-10
360.0,1.2749e+10,5.3243e+11,0.954299,0.045701,9.2050e-10
365.0,1.3949e+10,5.6125e+11,0.952646,0.047354,1.0054e-09
370.0,1.5226e+10,5.9079e+11,0.950982,0.049018,1.0955e-09
375.0,1.6581e+10,6.2104e+11,0.949310,0.050690,1.1909e-09
380.0,1.8016e+10,6.5198e+11,0.947630,0.052370,1.2917e-09
385.0,1.9532e+10,6.8360e+11,0.945943,0.054057,1.3979e-09
390.0,2.1133e+10,7.1588e+11,0.944251,0.055749,1.5098e-09
395.0,2.2819e+10,7.4880e+11,0.942553,0.057447,1.6273e-09
400.0,2.4593e+10,7.8237e+11,0.940851,0.059149,1.7506e-09
405.0,2.6455e+10,8.1655e+11,0.939146,0.060854,1.8798e-09
410.0,2.8408e+10,8.5134e+11,0.937438,0.062562,2.0149e-09
415.0,3.0453e+10,8.8672e+11,0.935728,0.064272,2.1560e-09
420.0,3.2591e+10,9.2267e+11,0.934017,0.065983,2.3031e-09
425.0,3.4823e+10,9.5918e+11,0.932305,0.067695,2.4564e-09
430.0,3.7151e+10,9.9624e+11,0.930594,0.069406,2.6158e-09
435.0,3.9576e+10,1.0338e+12,0.928883,0.071117,2.7814e-09
440.0,4.2098e+10,1.0719e+12,0.927174,0.072826,2.9532e-09
445.0,4.4719e+10,1.1105e+12,0.925467,0.074533,3.1313e-09
450.0,4.7440e+10,1.1496e+12,0.923762,0.076238,3.3157e-09
455.0,5.0261e+10,1.1892e+12,0.922060,0.077940,3.5064e-09
460.0,5.3182e+10,1.2292e+12,0.920361,0.079639,3.7034e-09
465.0,5.6206e+10,1.2697e+12,0.918666,0.081334,3.9067e-09
470.0,5.9331e+10,1.3106e+12,0.916976,0.083024,4.1163e-09
475.0,6.2559e+10,1.3519e+12,0.915290,0.084710,4.3323e-09
480.0,6.5889e+10,1.3936e+12,0.913609,0.086391,4.5545e-09
485.0,6.9323e+10,1.4357e+12,0.911934,0.088066,4.7831e-09
490.0,7.2860e+10,1.4782e+12,0.910264,0.089736,5.0179e-09
495.0,7.6500e+10,1.5210e+12,0.908601,0.091399,5.2590e-09
500.0,8.0244e+10,1.5642e+12,0.906944,0.093056,5.5064e-09
505.0,8.4092e+10,1.6077e+12,0.905294,0.094706,5.7599e-09
510.0,8.8043e+10,1.6515e+12,0.903650,0.096350,6.0196e-09
515.0,9.2098e+10,1.6956e+12,0.902014,0.097986,6.2854e-09
520.0,9.6257e+10,1.7401e+12,0.900386,0.099614,6.5574e-09
525.0,1.0052e+11,1.7848e+12,0.898765,0.101235,6.8353e-09
530.0,1.0488e+11,1.8298e+12,0.897152,0.102848,7.1193e-09
535.0,1.0935e+11,1.8750e+12,0.895547,0.104453,7.4092e-09
540.0,1.1392e+11,1.9206e+12,0.893950,0.106050,7.7051e-09
545.0,1.1859e+11,1.9663e+12,0.892362,0.107638,8.0067e-09
550.0,1.2336e+11,2.0123e+12,0.890782,0.109218,8.3142e-09
555.0,1.2823e+11,2.0585e+12,0.889211,0.110789,8.6274e-09
560.0,1.3321e+11,2.1049e+12,0.887649,0.112351,8.9463e-09
565.0,1.3828e+11,2.1515e+12,0.886095,0.113905,9.2707e-09
570.0,1.4345e+11,2.1982e+12,0.884551,0.115449,9.6007e-09
575.0,1.4872e+11,2.2452e+12,0.883016,0.116984,9.9362e-09
580.0,1.5409e+11,2.2923e+12,0.881490,0.118510,1.0277e-08
585.0,1.5956e+11,2.3396e+12,0.879974,0.120026,1.0623e-08
590.0,1.6512e+11,2.3871e+12,0.878467,0.121533,1.0975e-08
595.0,1.7078e+11,2.4346e+12,0.876969,0.123031,1.1331e-08
600.0,1.7653e+11,2.4823e+12,0.875481,0.124519,1.1693e-08
605.0,1.8238e+11,2.5302e+12,0.874002,0.125998,1.2060e-08
610.0,1.8832e+11,2.5781e+12,0.872533,0.127467,1.2432e-08
615.0,1.9435e+11,2.6262e+12,0.871074,0.128926,1.2809e-08
620.0,2.0047e+11,2.6743e+12,0.869625,0.130375,1.3190e-08
625.0,2.0668e+11,2.7226e+12,0.868185,0.131815,1.3576e-08
630.0,2.1298e+11,2.7709e+12,0.866754,0.133246,1.3967e-08
635.0,2.1937e+11,2.8193e+12,0.865334,0.134666,1.4363e-08
640.0,2.2585e+11,2.8677e+12,0.863923,0.136077,1.4763e-08
645.0,2.3241e+11,2.9163e+12,0.862522,0.137478,1.5167e-08
650.0,2.3906e+11,2.9649e+12,0.861131,0.138869,1.5576e-08
655.0,2.4580e+11,3.0135e+12,0.859749,0.140251,1.5989e-08
660.0,2.5261e+11,3.0622e+12,0.858377,0.141623,1.6406e-08
665.0,2.5951e+11,3.1109e+12,0.857015,0.142985,1.6827e-08
670.0,2.6649e+11,3.1597e+12,0.855662,0.144338,1.7253e-08
675.0,2.7355e+11,3.2084e+12,0.854320,0.145680,1.7682e-08
680.0,2.8069e+11,3.2572e+12,0.852986,0.147014,1.8115e-08
685.0,2.8791e+11,3.3060e+12,0.851663,0.148337,1.8552e-08
690.0,2.9521e+11,3.3548e+12,0.850349,0.149651,1.8993e-08
695.0,3.0258e+11,3.4037e+12,0.849044,0.150956,1.9437e-08
700.0,3.1002e+11,3.4525e+12,0.847749,0.152251,1.9885e-08
705.0,3.1754e+11,3.5013e+12,0.846464,0.153536,2.0337e-08
710.0,3.2513e+11,3.5501e+12,0.845187,0.154813,2.0791e-08
715.0,3.3280e+11,3.5989e+12,0.843921,0.156079,2.1250e-08
720.0,3.4053e+11,3.6476e+12,0.842663,0.157337,2.1711e-08
725.0,3.4833e+11,3.6964e+12,0.841415,0.158585,2.2176e-08
730.0,3.5620e+11,3.7451e+12,0.840176,0.159824,2.2643e-08
735.0,3.6414e+11,3.7937e+12,0.838946,0.161054,2.3114e-08
740.0,3.7215e+11,3.8424e+12,0.837726,0.162274,2.3588e-08
745.0,3.8022e+11,3.8909e+12,0.836514,0.163486,2.4064e-08
750.0,3.8835e+11,3.9395e+12,0.835312,0.164688,2.4544e-08
755.0,3.9655e+11,3.9880e+12,0.834118,0.165882,2.5026e-08
760.0,4.0480e+11,4.0364e+12,0.832934,0.167066,2.5511e-08
765.0,4.1312e+11,4.0848e+12,0.831758,0.168242,2.5998e-08
770.0,4.2150e+11,4.1331e+12,0.830591,0.169409,2.6488e-08
775.0,4.2994e+11,4.1814e+12,0.829433,0.170567,2.6981e-08
780.0,4.3843e+11,4.2296e+12,0.828283,0.171717,2.7476e-08
785.0,4.4698e+11,4.2777e+12,0.827143,0.172857,2.7973e-08
790.0,4.5559e+11,4.3258e+12,0.826010,0.173990,2.8473e-08
795.0,4.6425e+11,4.3738e+12,0.824887,0.175113,2.8974e-08
800.0,4.7296e+11,4.4217e+12,0.823771,0.176229,2.9478e-08
805.0,4.8173e+11,4.4695e+12,0.822664,0.177336,2.9984e-08
810.0,4.9054e+11,4.5172e+12,0.821566,0.178434,3.0492e-08
815.0,4.9941e+11,4.5649e+12,0.820475,0.179525,3.1002e-08
820.0,5.0833e+11,4.6124e+12,0.819393,0.180607,3.1514e-08
825.0,5.1729e+11,4.6599e+12,0.818319,0.181681,3.2028e-08
830.0,5.2630e+11,4.7073e+12,0.817253,0.182747,3.2543e-08
835.0,5.3536e+11,4.7546e+12,0.816195,0.183805,3.3060e-08
840.0,5.4446e+11,4.8018e+12,0.815145,0.184855,3.3579e-08
845.0,5.5361e+11,4.8489e+12,0.814103,0.185897,3.4100e-08
850.0,5.6280e+11,4.8959e+12,0.813069,0.186931,3.4622e-08
855.0,5.7203e+11,4.9428e+12,0.812042,0.187958,3.5146e-08
860.0,5.8131e+11,4.9896e+12,0.811023,0.188977,3.5671e-08
865.0,5.9063e+11,5.0362e+12,0.810012,0.189988,3.6197e-08
870.0,5.9998e+11,5.0828e+12,0.809008,0.190992,3.6725e-08
875.0,6.0937e+11,5.1293e+12,0.808012,0.191988,3.7254e-08
880.0,6.1881e+11,5.1756e+12,0.807023,0.192977,3.7784e-08
885.0,6.2827e+11,5.2219e+12,0.806042,0.193958,3.8316e-08
890.0,6.3778e+11,5.2680e+12,0.805067,0.194933,3.8848e-08
895.0,6.4732e+11,5.3140e+12,0.804101,0.195899,3.9382e-08
900.0,6.5689e+11,5.3599e+12,0.803141,0.196859,3.9917e-08
905.0,6.6650e+11,5.4057e+12,0.802188,0.197812,4.0452e-08
910.0,6.7614e+11,5.4514e+12,0.801243,0.198757,4.0989e-08
915.0,6.8581e+11,5.4969e+12,0.800304,0.199696,4.1527e-08
920.0,6.9551e+11,5.5424e+12,0.799373,0.200627,4.2065e-08
925.0,7.0525e+11,5.5877e+12,0.798448,0.201552,4.2605e-08
930.0,7.1501e+11,5.6328e+12,0.797530,0.202470,4.3145e-08
935.0,7.2480e+11,5.6779e+12,0.796619,0.203381,4.3686e-08
940.0,7.3462e+11,5.7228e+12,0.795714,0.204286,4.4227e-08
945.0,7.4446e+11,5.7676e+12,0.794816,0.205184,4.4769e-08
950.0,7.5434e+11,5.8123e+12,0.793925,0.206075,4.5312e-08
955.0,7.6423e+11,5.8569e+12,0.793040,0.206960,4.5855e-08
960.0,7.7416e+11,5.9013e+12,0.792162,0.207838,4.6399e-08
965.0,7.8410e+11,5.9456e+12,0.791290,0.208710,4.6944e-08
970.0,7.9407e+11,5.9898e+12,0.790425,0.209575,4.7489e-08
975.0,8.0406e+11,6.0338e+12,0.789565,0.210435,4.8034e-08
980.0,8.1408e+11,6.0777e+12,0.788712,0.211288,4.8579e-08
985.0,8.2411e+11,6.1215e+12,0.787865,0.212135,4.9125e-08
990.0,8.3417e+11,6.1651e+12,0.787025,0.212975,4.9672e-08
995.0,8.4424e+11,6.2086e+12,0.786190,0.213810,5.0218e-08
1000.0,8.5434e+11,6.2520e+12,0.785361,0.214639,5.0765e-08
